{
    "loss": 2.4721689224243164,
    "accuracy": 0.5873016119003296
}