{
    "loss": 2.1794137954711914,
    "accuracy": 0.6349206566810608
}